﻿{"dubber_table_ext":{"Version":1615161537},"mentor_task_table":{"Version":1615161539},"corps_season_rank_reward_table":{"Version":1615161537},"upgrade_parameter":{"Version":1615161539},"cadge_table":{"Version":1615161537},"mentor_award_table":{"Version":1615161537},"general_week_active_award_cfg":{"Version":1615161537},"general_task_cond_cfg_simple":{"Version":1615161537},"general_task_reward_cfg":{"Version":1615161537},"general_task_week_diff_cfg_simple":{"Version":1615161537},"general_season_active_cfg_simple":{"Version":1615161537},"general_task_week_content_cfg":{"Version":1615161537},"corps_active_goal_table":{"Version":1615161537},"custom_chest_quality_cost_kr":{"Version":1615161537},"brd_table_new":{"Version":1615161537},"custom_chest_quality_times_jpkr":{"Version":1615161537},"custom_chest_cfg_jpkr":{"Version":1615161537},"social_authorize_config":{"Version":1615161537},"general_season_active_award_cfg":{"Version":1615161537},"general_task_imm_card_cfg":{"Version":1615161537},"new_level_task_cover_table":{"Version":1615161539},"easy_buy_cfg":{"Version":1615161537},"translation_server_patch_table":{"Version":1615161537},"custom_chest_quality_times_kr":{"Version":1615161537}}