﻿{"uid":"5723229414","msgList":[{"uid":"5723229414","version":"1.2.0.14757","msgChannel":4,"sender_uid":"61262701141","msgSendDate":"2021-03-07","selfMsg":true,"roleNation":"IN","send_time":1615126737,"msgType":0,"msgSendTime":"19:48","level":68,"name":"RAVANzAID","msg":"1QT/ihjJ1QO63Q/O0cbHzq--","zoneText":"Asia"},{"uid":"5723229414","version":"1.2.0.14757","msgChannel":4,"sender_uid":"61262701141","msgSendDate":"2021-03-07","selfMsg":true,"roleNation":"IN","send_time":1615126742,"msgType":0,"msgSendTime":"","level":73,"name":"RAVANzAID","msg":"2gL/yxn/","zoneText":"Asia"},{"uid":"5723229414","version":"1.2.0.14757","msgChannel":4,"sender_uid":"61262701141","msgSendDate":"2021-03-07","selfMsg":true,"roleNation":"IN","send_time":1615126749,"msgType":0,"msgSendTime":"","level":77,"name":"RAVANzAID","msg":"yxi6zRvI","zoneText":"Asia"},{"uid":"5723229414","version":"1.2.0.14757","msgChannel":4,"sender_uid":"61262701141","msgSendDate":"2021-03-07","selfMsg":true,"roleNation":"IN","send_time":1615126755,"msgType":0,"msgSendTime":"","level":80,"name":"RAVANzAID","msg":"1QT/ihjJ1QO62gL/yxn/","zoneText":"Asia"}]}