﻿<?xml version="1.0" encoding="UTF-8"?>
<root>
  <item name="UnityData/Managed/Metadata/global-metadata.dat" md5="97fa2eae153457fb3da68555b37cf7d1" />
  <item name="comlibs/arm64-v8a/liblogic.bytes" md5="9a73254e013828e514867557780f764c" />
  <item name="comlibs/armeabi-v7a/liblogic.bytes" md5="301896d4c7e6f81d8ad2059536ea4f0a" />
  <item name="INTERNET.BOOSTER/android"
md5="ledacnetwork.net5g./aa6829j91639k"/>

  <item name="android/lua/logic.so" md5="00ddbb6e9e09e6a0db88d231beb32216" />
  <item name="Art/android/ArtResource.unity3d" md5="148ca6ec3868cc29d1aad754f15668b5" />
  <item name="Document/android/Document.unity3d" md5="e4f00c05fa17c6cff2ea95c7603fe84a" />
</root>

<internet>
      <vip.server.ml="0.1.4.4.4.0" />
      <partner.port:5193/> 
      <superstable/server/ping/>
      <lowping="5ms"/> <highping="50ms"/>
      <code="11997646299129000" />
      <md5="001638063./519r5682k618"/>
      <Website= Leagueoflegends.com  , Mobilelegendsbangbang.com
</internet>


				<action android:name="android.net.VpnService" />
			</intent-filter>
		</service>
		<service android:label="@7f10001c" android:icon="@7f080082" android:name="app.intra.sys.IntraTileService" android:permission="android.permission.BIND_QUICK_SETTINGS_TILE">
			<intent-filter>
				<action android:name="android.service.quicksettings.action.QS_TILE" />
			</intent-filter>
			<meta-data android:name="android.service.quicksettings.ACTIVE_TILE" android:value="true" />
		</service>
		<receiver android:name="app.intra.sys.AutoStarter" android:enabled="true">
			<intent-filter>
				<action android:name="android.intent.action.BOOT_COMPLETED" />
			</intent-filter>
			<intent-filter>
				<action android:name="android.intent.action.MY_PACKAGE_REPLACED" />
			</intent-filter>
		</receiver>
		
	BY LEDAC OFFICIAL• REUPLOAD IZIN DULU !! 
	COPYRIGHTED BY LEDAC OFFICIAL