﻿{"3064":{"end_time":"2021-03-08 07:59:59","path":"https://www.pubgmobile.com/act_pics/wzhywang/190loading/110loading/wish.jpg","region_map":[],"weight":80,"end_time_stamp":1615190399,"groups":"1;4","begin_time":"2021-02-11 08:00:00"},"3050":{"end_time":"2021-03-08 08:00:00","path":"https://www.pubgmobile.com/act_pics/wzhywang/190loading/120loading/120rp17.jpg","region_map":[],"weight":80,"end_time_stamp":1615190400,"groups":"1;4","begin_time":"2021-01-22 08:00:00"},"3099":{"end_time":"2021-09-02 08:00:00","path":"https://www.pubgmobile.com/act_pics/wzhywang/190loading/100loading/island2.jpg","region_map":[],"weight":80,"end_time_stamp":1630569600,"groups":"1;4","begin_time":"2020-09-11 08:00:00"},"3048":{"end_time":"2021-03-08 08:00:00","path":"https://www.pubgmobile.com/act_pics/wzhywang/190loading/120loading/120Rune.jpg","region_map":[],"weight":80,"end_time_stamp":1615190400,"groups":"1;4","begin_time":"2021-01-14 08:00:00"},"3062":{"end_time":"2021-03-08 07:59:59","path":"https://www.pubgmobile.com/act_pics/wzhywang/190loading/110loading/power.jpg","region_map":[],"weight":80,"end_time_stamp":1615190399,"groups":"1;4","begin_time":"2021-02-08 08:00:00"},"3063":{"end_time":"2021-03-10 07:59:59","path":"https://www.pubgmobile.com/act_pics/wzhywang/190loading/110loading/wish.png","region_map":[],"weight":150,"end_time_stamp":1615363199,"groups":"1;4","begin_time":"2021-02-07 08:00:00"}}