﻿[null,{"end_time":"2030-07-15 00:00:00","path":"/Game/UMG/Texture/LoadingUI/LOADING_image_2.LOADING_image_2","end_time_stamp":1910304000,"weight":1,"begin_time":"2018-07-15 00:00:00"},{"end_time":"2030-07-15 00:00:00","path":"/Game/UMG/Texture/LoadingUI/LOADING_image_3.LOADING_image_3","end_time_stamp":1910304000,"weight":1,"begin_time":"2018-07-15 00:00:00"},{"end_time":"2030-07-15 00:00:00","path":"/Game/UMG/Texture/LoadingUI/LOADING_image_4.LOADING_image_4","end_time_stamp":1910304000,"weight":1,"begin_time":"2018-07-15 00:00:00"},null,null,null,null,{"end_time":"2030-07-15 00:00:00","path":"/Game/UMG/Texture/LoadingUI/LOADING_image_RH_2.LOADING_image_RH_2","end_time_stamp":1910304000,"weight":1,"begin_time":"2018-07-15 00:00:00"},{"end_time":"2030-07-15 00:00:00","path":"/Game/UMG/Texture/LoadingUI/LOADING_image_RH_3.LOADING_image_RH_3","end_time_stamp":1910304000,"weight":1,"begin_time":"2018-07-15 00:00:00"},null,{"end_time":"2030-07-15 00:00:00","path":"https://www.pubgmobile.com/event/pics/loading/loading15.jpg","end_time_stamp":1910304000,"weight":1,"begin_time":"2018-07-15 00:00:00"},{"end_time":"2030-07-15 00:00:00","path":"https://www.pubgmobile.com/event/pics/loading/loading16.jpg","end_time_stamp":1910304000,"weight":1,"begin_time":"2018-07-15 00:00:00"}]